{"image": [{"text_lines": [{"polygon": [[13.0, 48.0], [538.0, 51.0], [538.0, 87.0], [12.0, 84.0]], "confidence": 0.9970703125, "text": "Llama 4: Leading intelligence.", "bbox": [12.0, 48.0, 538.0, 87.0]}, {"polygon": [[12.0, 116.0], [564.0, 113.0], [565.0, 148.0], [13.0, 151.0]], "confidence": 0.99462890625, "text": "Unrivaled speed and efficiency.", "bbox": [12.0, 113.0, 565.0, 151.0]}, {"polygon": [[13.0, 186.0], [565.0, 186.0], [565.0, 204.0], [13.0, 204.0]], "confidence": 0.9990234375, "text": "The most accessible and scalable generation of Llama is here.", "bbox": [13.0, 186.0, 565.0, 204.0]}, {"polygon": [[12.0, 214.0], [557.0, 212.0], [558.0, 230.0], [13.0, 231.0]], "confidence": 0.99462890625, "text": "Native multimodality, mixture-of-experts models, super long", "bbox": [12.0, 212.0, 558.0, 231.0]}, {"polygon": [[13.0, 240.0], [481.0, 240.0], [481.0, 258.0], [13.0, 258.0]], "confidence": 0.99853515625, "text": "context windows, step changes in performance, and", "bbox": [13.0, 240.0, 481.0, 258.0]}, {"polygon": [[13.0, 268.0], [586.0, 268.0], [586.0, 285.0], [13.0, 285.0]], "confidence": 0.9990234375, "text": "unparalleled efficiency. All in easy-to-deploy sizes custom fit for", "bbox": [13.0, 268.0, 586.0, 285.0]}, {"polygon": [[13.0, 295.0], [224.0, 295.0], [224.0, 312.0], [13.0, 312.0]], "confidence": 0.9765625, "text": "how you want to use it.", "bbox": [13.0, 295.0, 224.0, 312.0]}, {"polygon": [[47.0, 364.0], [176.0, 364.0], [176.0, 378.0], [47.0, 378.0]], "confidence": 0.9716796875, "text": "Download models", "bbox": [47.0, 364.0, 176.0, 378.0]}], "languages": ["en"], "image_bbox": [0.0, 0.0, 600.0, 471.0], "page": 1}]}